{"axon":{"num_path_segments":311.0,"num_branchpoints":156.0,"num_irreducible_nodes":312.0,"max_branch_order":35.0,"average_nodal_angle_deg":111.6836427841,"average_nodal_angle_rad":1.9492472872,"average_local_angle_deg":114.850357921,"average_local_angle_rad":2.0045168928,"average_tortuosity":1.1367376048,"real_length_sum":20314.7970121725,"real_length_mean":65.3208907144,"real_length_median":38.032287521,"real_length_min":0.3433656943,"real_length_max":583.5159855096,"euclidean_length_sum":16817.3893766577,"euclidean_length_mean":54.0752069989,"euclidean_length_median":33.0216489594,"euclidean_length_min":0.3433656943,"euclidean_length_max":391.1226848445},"basal_dendrites":{"num_path_segments":51.0,"num_branchpoints":24.0,"num_irreducible_nodes":52.0,"max_branch_order":6.0,"average_nodal_angle_deg":61.9964070141,"average_nodal_angle_rad":1.0820414268,"average_local_angle_deg":80.4151037829,"average_local_angle_rad":1.4035083293,"average_tortuosity":1.3362449604,"real_length_sum":4770.3654258653,"real_length_mean":93.5365769778,"real_length_median":68.1063592616,"real_length_min":3.356486258,"real_length_max":438.8624018763,"euclidean_length_sum":3398.2692599074,"euclidean_length_mean":66.6327305864,"euclidean_length_median":52.2627525108,"euclidean_length_min":3.356486258,"euclidean_length_max":195.7784551476},"apical_dendrites":{"num_path_segments":77.0,"num_branchpoints":38.0,"num_irreducible_nodes":78.0,"max_branch_order":8.0,"average_nodal_angle_deg":52.4565254278,"average_nodal_angle_rad":0.9155390829,"average_local_angle_deg":73.1263201569,"average_local_angle_rad":1.2762950566,"average_tortuosity":1.3081004841,"real_length_sum":7243.877644407,"real_length_mean":94.0763330442,"real_length_median":68.2324243621,"real_length_min":9.064924571,"real_length_max":429.3910261142,"euclidean_length_sum":5416.7647971952,"euclidean_length_mean":70.3475947688,"euclidean_length_median":53.9998296294,"euclidean_length_min":8.2030725951,"euclidean_length_max":281.1250447755}}